DBN,District,School,SAT Score,SAT Test Takers,Percent AP Test Takers,Percent AP Tests Taken,Total Enrollment,Class Size,Percent Male,Percent White,Percent Black,Percent Hispanic,Percent Asian,Percent ELL,Teacher Safety,Student Safety,Lat,Lon
01M292,1,HENRY STREET SCHOOL FOR INTERNATIONAL STUDIES,1122,29,30.6,46.7,422,22.6,61.4,1.7,29.1,53.8,14.0,22.3,6.3,6.0,40.7138,-73.9853
01M448,1,UNIVERSITY NEIGHBORHOOD HIGH SCHOOL,1172,91,9.9,12.4,394,22.2,57.4,2.3,22.6,45.9,29.2,21.1,6.6,6.0,40.7123,-73.9848
01M450,1,EAST SIDE COMMUNITY SCHOOL,1149,70,3.2,3.5,598,21.2,54.7,10.4,23.9,55.4,9.7,5.0,7.3,6.6,40.7298,-73.983
01M509,1,MARTA VALLE HIGH SCHOOL,1207,44,35.1,53.7,367,23.6,46.3,1.6,31.6,56.9,9.3,11.2,6.4,6.4,40.7206,-73.9857
01M539,1,"NEW EXPLORATIONS INTO SCIENCE, TECHNOLOGY AND MATH HIGH SCHOOL",1621,159,15.8,23.4,1613,25.5,49.2,44.9,11.7,14.2,27.8,0.2,7.6,7.3,40.7187,-73.9794
01M696,1,BARD HIGH SCHOOL EARLY COLLEGE,1856,130,20.9,31.9,617,21.0,31.3,49.8,15.1,18.2,15.1,0.2,8.2,8.3,40.719,-73.9761
02M047,2,47 THE AMERICAN SIGN LANGUAGE AND ENGLISH SECONDARY SCHOOL,1182,16,74.1,113.2,174,16.1,42.5,6.3,32.2,59.2,1.7,8.0,8.1,7.3,40.7386,-73.9825
02M288,2,FOOD AND FINANCE HIGH SCHOOL,1194,62,29.8,45.5,433,22.7,45.0,4.8,44.1,47.6,3.0,2.1,7.3,6.2,40.765,-73.9925
02M294,2,ESSEX STREET ACADEMY,1156,53,37.6,57.4,343,14.9,53.4,7.6,27.7,60.6,4.1,3.8,8.0,7.4,40.7169,-73.9895
02M296,2,HIGH SCHOOL OF HOSPITALITY MANAGEMENT,1111,58,30.8,47.0,419,23.0,32.2,2.1,26.5,66.1,5.3,9.5,8.6,7.1,40.765,-73.9925
02M298,2,PACE HIGH SCHOOL,1293,85,5.1,5.1,414,21.3,43.7,3.9,32.4,42.0,10.1,2.2,6.6,6.6,40.7164,-73.9927
02M300,2,"URBAN ASSEMBLY SCHOOL OF DESIGN AND CONSTRUCTION, THE",1269,48,23.0,27.1,431,22.6,74.9,4.9,29.2,59.2,6.0,10.9,7.3,6.5,40.765,-73.9925
02M303,2,"FACING HISTORY SCHOOL, THE",1051,76,9.3,9.8,451,21.9,50.6,2.4,23.5,73.2,0.7,20.8,7.4,7.0,40.765,-73.9925
02M305,2,"URBAN ASSEMBLY ACADEMY OF GOVERNMENT AND LAW, THE",1148,50,8.0,11.9,312,20.8,43.9,3.5,41.7,50.6,3.8,6.1,5.4,6.0,40.7169,-73.9895
02M308,2,LOWER MANHATTAN ARTS ACADEMY,1200,40,38.4,58.6,336,23.2,39.9,3.6,30.7,55.7,9.5,3.9,7.4,6.6,40.7169,-73.9895
02M316,2,"URBAN ASSEMBLY SCHOOL OF BUSINESS FOR YOUNG WOMEN, THE",1127,42,34.1,52.1,378,26.3,0.0,1.3,46.8,48.4,3.4,2.6,7.0,6.8,40.7052,-74.0133
02M374,2,GRAMERCY ARTS HIGH SCHOOL,1176,60,26.1,39.8,495,27.2,26.3,6.7,45.3,45.1,2.8,3.0,6.4,6.1,40.7355,-73.9876
02M376,2,NYC ISCHOOL,1435,92,29.8,45.5,433,37.0,48.7,24.0,20.6,43.0,11.5,0.5,7.7,7.8,40.7244,-74.0048
02M392,2,MANHATTAN BUSINESS ACADEMY,1223,s,38.9,59.3,332,25.3,59.0,4.8,29.5,58.7,6.6,9.9,7.4,6.9,40.7429,-74.0021
02M393,2,BUSINESS OF SPORTS SCHOOL,1223,s,42.4,64.8,304,22.1,72.4,4.3,35.5,57.2,1.6,7.6,6.2,6.2,40.7634,-73.9905
02M399,2,THE HIGH SCHOOL FOR LANGUAGE AND DIPLOMACY,1223,s,52.9,80.7,244,17.9,48.0,5.3,15.6,32.8,44.3,28.3,6.3,6.6,40.7355,-73.9876
02M400,2,HIGH SCHOOL FOR ENVIRONMENTAL STUDIES,1419,263,15.3,21.4,1394,30.6,50.4,11.1,14.8,57.2,16.7,7.1,7.3,7.1,40.7678,-73.9875
02M408,2,PROFESSIONAL PERFORMING ARTS HIGH SCHOOL,1522,94,4.0,4.0,502,29.0,25.3,41.8,19.1,23.7,7.0,2.0,7.8,7.1,40.7614,-73.988
02M411,2,BARUCH COLLEGE CAMPUS HIGH SCHOOL,1577,104,18.1,26.6,432,26.6,44.0,18.8,5.8,14.6,60.6,1.6,8.0,7.8,40.744,-73.9915
02M412,2,N.Y.C. LAB SCHOOL FOR COLLABORATIVE STUDIES,1677,114,19.7,24.2,579,32.6,47.0,45.9,8.5,14.0,29.4,1.6,7.8,7.5,40.7421,-74.0021
02M414,2,N.Y.C. MUSEUM SCHOOL,1419,103,29.6,45.2,436,27.7,42.4,15.4,11.7,39.9,33.0,0.5,6.8,7.1,40.7421,-74.0021
02M416,2,ELEANOR ROOSEVELT HIGH SCHOOL,1758,127,30.6,46.4,507,27.4,32.5,63.7,5.5,11.6,17.2,0.2,8.2,8.1,40.7701,-73.9534
02M418,2,MILLENNIUM HIGH SCHOOL,1614,144,13.7,15.2,626,29.2,38.2,35.9,8.8,21.7,30.0,0.2,8.6,7.5,40.7049,-74.0115
02M419,2,LANDMARK HIGH SCHOOL,1170,62,30.6,46.8,421,23.2,48.5,1.9,18.1,74.8,5.2,15.7,7.2,6.7,40.7429,-74.0021
02M420,2,HIGH SCHOOL FOR HEALTH PROFESSIONS AND HUMAN SERVICES,1306,336,11.5,14.0,1768,32.2,29.4,5.3,24.4,49.7,20.5,4.0,7.7,6.5,40.7325,-73.9831
02M425,2,LEADERSHIP AND PUBLIC SERVICE HIGH SCHOOL,1233,84,11.5,13.8,607,28.0,46.1,6.6,30.5,54.2,8.1,5.4,6.8,6.1,40.7091,-74.0121
02M427,2,MANHATTAN ACADEMY FOR ARTS & LANGUAGE,1223,s,73.7,112.6,175,23.0,54.9,1.1,8.0,84.6,6.3,86.9,9.0,7.7,40.7461,-73.98100000000001
02M437,2,HUDSON HIGH SCHOOL OF LEARNING TECHNOLOGIES,1223,s,57.1,87.2,226,28.0,60.6,6.6,23.5,62.4,5.8,8.8,8.7,7.0,40.7429,-74.0021
02M438,2,INTERNATIONAL HIGH SCHOOL AT UNION SQUARE,1223,s,73.3,111.9,176,24.5,61.4,3.4,12.5,43.2,40.3,94.9,8.1,7.5,40.7355,-73.9876
02M439,2,MANHATTAN VILLAGE ACADEMY,1372,95,9.8,16.1,429,21.4,38.5,4.9,16.8,71.8,6.3,3.7,8.7,7.6,40.7415,-73.9914
02M449,2,VANGUARD HIGH SCHOOL,1199,72,29.1,44.4,444,19.2,46.2,4.5,25.7,59.0,9.9,6.1,7.8,7.0,40.7654,-73.9602
02M459,2,MANHATTAN INTERNATIONAL HIGH SCHOOL,1227,49,3.7,3.7,325,20.3,44.3,14.5,14.8,36.9,33.5,77.5,7.7,7.8,40.7654,-73.9602
02M475,2,STUYVESANT HIGH SCHOOL,2096,832,45.8,85.5,3297,31.1,59.3,23.7,1.2,2.4,72.1,0.0,7.2,7.5,40.7177,-74.014
02M489,2,HIGH SCHOOL OF ECONOMICS AND FINANCE,1374,167,12.5,21.8,809,27.3,54.5,8.8,22.5,43.5,24.8,6.3,8.7,6.6,40.7092,-74.012
02M500,2,UNITY CENTER FOR URBAN TECHNOLOGIES,1070,25,54.4,83.1,237,25.0,62.4,2.5,35.0,55.3,3.8,15.6,7.5,7.9,40.7461,-73.98100000000001
02M519,2,TALENT UNLIMITED HIGH SCHOOL,1416,81,6.1,6.9,491,25.8,21.4,19.8,36.0,39.3,4.5,0.2,6.9,7.0,40.7654,-73.9602
02M520,2,MURRY BERGTRAUM HIGH SCHOOL FOR BUSINESS CAREERS,1240,264,5.7,7.6,2073,27.0,49.1,2.3,39.9,46.6,10.5,10.2,5.5,5.7,40.7107,-74.0008
02M529,2,JACQUELINE KENNEDY ONASSIS HIGH SCHOOL,1239,131,11.0,16.3,724,26.0,40.6,1.8,22.7,69.9,5.1,9.8,6.6,7.1,40.7578,-73.9832
02M531,2,REPERTORY COMPANY HIGH SCHOOL FOR THEATRE ARTS,1253,42,59.4,90.8,217,23.9,21.2,7.4,47.9,42.4,1.4,0.5,5.9,5.9,40.7559,-73.9846
02M542,2,MANHATTAN BRIDGES HIGH SCHOOL,1058,66,12.4,18.9,541,23.5,51.4,0.0,0.0,99.8,0.2,72.6,7.6,7.2,40.765,-73.9925
02M543,2,NEW DESIGN HIGH SCHOOL,1168,73,30.5,46.6,423,22.6,38.3,2.6,30.3,62.2,3.8,5.4,7.3,7.0,40.7169,-73.9895
02M545,2,HIGH SCHOOL FOR DUAL LANGUAGE AND ASIAN STUDIES,1424,78,17.3,27.2,353,21.8,51.3,2.3,3.4,4.0,89.5,38.2,7.5,6.6,40.7169,-73.9895
02M551,2,THE URBAN ASSEMBLY NEW YORK HARBOR SCHOOL,1212,77,1.6,1.6,430,24.0,60.9,10.2,37.4,49.3,2.3,4.2,6.4,6.8,40.6908,-74.0198
02M580,2,RICHARD R. GREEN HIGH SCHOOL OF TEACHING,1195,84,11.0,19.2,610,26.1,32.6,2.3,35.1,59.3,2.3,6.4,7.8,6.6,40.7052,-74.0133
02M600,2,THE HIGH SCHOOL OF FASHION INDUSTRIES,1257,335,4.4,5.4,1599,30.6,7.3,4.1,39.1,52.3,3.8,2.8,7.4,6.5,40.7451,-73.9959
02M605,2,HUMANITIES PREPARATORY ACADEMY,1255,36,67.2,102.6,192,23.8,42.7,11.5,21.9,57.8,7.3,1.0,7.4,7.0,40.7429,-74.0021
02M615,2,CHELSEA CAREER AND TECHNICAL EDUCATION HIGH SCHOOL,1207,83,11.2,20.8,466,25.2,65.0,1.5,29.6,60.5,7.1,6.2,7.0,6.5,40.7244,-74.0048
02M630,2,ART AND DESIGN HIGH SCHOOL,1315,270,6.2,7.4,1344,28.9,46.7,12.6,26.8,51.0,9.0,1.6,8.1,6.7,40.7654,-73.9818
02M655,2,LIFE SCIENCES SECONDARY SCHOOL,1236,61,7.0,12.6,717,23.9,51.6,2.4,28.6,64.3,3.3,7.9,7.3,5.9,40.7836,-73.9457
03M299,3,"HIGH SCHOOL FOR ARTS, IMAGINATION AND INQUIRY",1132,49,30.9,47.1,418,24.1,55.7,1.4,37.3,58.9,1.0,14.4,6.5,6.5,40.7743,-73.9848
03M307,3,"URBAN ASSEMBLY SCHOOL FOR MEDIA STUDIES, THE",1144,41,35.2,53.8,366,19.8,57.9,3.0,37.4,56.0,2.2,12.8,7.8,6.9,40.7743,-73.9848
03M402,3,THE URBAN ASSEMBLY SCHOOL FOR GREEN CAREERS,1223,s,45.6,69.6,283,10.0,56.9,1.8,19.8,76.0,1.8,25.1,4.4,6.3,40.7857,-73.9744
03M403,3,THE GLOBAL LEARNING COLLABORATIVE,1223,s,36.0,55.0,358,25.0,51.4,5.9,27.7,62.6,3.6,19.3,7.2,7.0,40.7857,-73.9744
03M415,3,WADLEIGH SECONDARY SCHOOL FOR THE PERFORMING & VISUAL ARTS,1109,32,12.6,14.1,516,23.6,38.4,0.8,59.9,38.8,0.4,7.4,6.1,6.0,40.8022,-73.954
03M417,3,FRANK MCCOURT HIGH SCHOOL,1223,s,58.9,90.0,219,25.0,46.6,37.0,18.3,37.0,6.8,0.9,6.9,7.3,40.7857,-73.9744
03M479,3,BEACON HIGH SCHOOL,1744,261,14.3,17.0,1162,30.8,39.0,49.8,14.6,22.8,8.9,0.2,7.5,7.8,40.7722,-73.9878
03M485,3,FIORELLO H. LAGUARDIA HIGH SCHOOL OF MUSIC & ART AND PERFORMING ARTS,1707,531,26.5,47.4,2605,31.3,26.4,49.2,12.9,16.6,19.6,0.2,7.8,7.1,40.7737,-73.9853
03M492,3,"HIGH SCHOOL FOR LAW, ADVOCACY AND COMMUNITY JUSTICE",1196,66,23.8,36.4,541,23.4,40.1,1.8,46.2,48.1,1.3,10.5,6.7,6.2,40.7743,-73.9848
03M494,3,HIGH SCHOOL OF ARTS AND TECHNOLOGY,1277,75,6.3,6.3,603,28.1,67.7,2.3,34.8,57.2,5.0,10.4,5.6,6.4,40.7743,-73.9848
03M541,3,MANHATTAN / HUNTER SCIENCE HIGH SCHOOL,1446,111,28.5,43.5,453,21.6,41.1,10.2,21.4,41.5,25.6,1.3,8.1,7.3,40.7743,-73.9848
03M860,3,FREDERICK DOUGLASS ACADEMY II SECONDARY SCHOOL,1096,43,2.7,2.7,413,21.9,54.2,1.5,77.7,18.9,0.7,5.8,5.5,5.8,40.8022,-73.954
04M409,4,COALITION SCHOOL FOR SOCIAL CHANGE,1084,48,5.2,5.2,349,21.3,44.4,0.9,39.3,58.7,0.9,9.7,8.5,6.6,40.7989,-73.9334
04M435,4,MANHATTAN CENTER FOR SCIENCE AND MATHEMATICS,1430,375,19.9,25.8,1650,31.1,46.4,2.2,19.7,57.4,20.1,2.7,7.2,6.6,40.7937,-73.9341
04M495,4,PARK EAST HIGH SCHOOL,1128,51,37.0,56.4,349,19.0,42.1,0.3,33.2,59.6,4.9,4.3,7.6,7.0,40.7906,-73.9445
04M555,4,CENTRAL PARK EAST HIGH SCHOOL,1221,73,29.0,44.3,445,25.2,32.1,1.6,26.7,64.5,6.5,4.0,8.0,6.6,40.7937,-73.9494
04M610,4,YOUNG WOMEN'S LEADERSHIP SCHOOL,1326,70,9.1,12.2,449,25.7,0.0,1.6,31.2,60.1,5.1,2.2,8.9,7.5,40.7927,-73.9473
04M610,4,YOUNG WOMEN'S LEADERSHIP SCHOOL,1326,70,28.7,43.9,449,25.7,0.0,1.6,31.2,60.1,5.1,2.2,8.9,7.5,40.7927,-73.9473
04M680,4,"HERITAGE SCHOOL, THE",1054,31,43.9,67.0,294,20.7,48.6,1.0,28.9,69.4,0.3,6.8,6.0,6.4,40.7919,-73.9466
05M304,5,MOTT HALL HIGH SCHOOL,1210,54,2.6,2.6,426,25.6,53.5,0.2,35.0,63.8,0.9,8.7,7.2,6.2,40.8174,-73.9477
05M362,5,"COLUMBIA SECONDARY SCHOOL FOR MATH, SCIENCE, AND ENGINEERING",1223,s,27.2,41.6,474,25.4,49.6,18.4,20.0,48.5,11.6,0.6,7.3,6.9,40.8109,-73.9569
05M367,5,ACADEMY FOR SOCIAL ACTION: A COLLEGE BOARD SCHOOL,1062,33,4.0,4.0,425,23.4,48.7,0.0,61.4,38.1,0.5,9.9,6.2,5.7,40.8152,-73.9552
05M369,5,URBAN ASSEMBLY SCHOOL FOR THE PERFORMING ARTS,1077,56,34.5,52.7,374,24.2,25.4,0.8,59.1,38.2,0.5,6.1,5.4,5.2,40.8152,-73.9552
05M499,5,FREDERICK DOUGLASS ACADEMY,1374,214,10.5,14.5,1556,26.7,52.2,1.3,74.4,22.8,1.2,2.4,6.4,5.7,40.8243,-73.937
05M670,5,THURGOOD MARSHALL ACADEMY FOR LEARNING AND SOCIAL CHANGE,1202,66,6.4,6.6,580,23.0,44.1,0.2,78.1,20.9,0.2,1.4,6.9,6.7,40.8154,-73.9439
05M692,5,"HIGH SCHOOL FOR MATHEMATICS, SCIENCE AND ENGINEERING AT CITY COLLEGE",1847,101,28.1,30.5,406,21.7,65.8,26.1,15.0,21.2,36.2,0.0,8.6,7.8,40.8211,-73.9488
06M293,6,CITY COLLEGE ACADEMY OF THE ARTS,1270,60,22.0,33.6,586,23.6,39.6,1.2,6.0,92.0,0.7,6.1,8.5,7.8,40.8611,-73.9305
06M346,6,COMMUNITY HEALTH ACADEMY OF THE HEIGHTS,1105,55,24.8,37.9,520,27.1,52.3,0.8,5.2,93.8,0.2,30.0,6.8,6.4,40.8336,-73.9418
06M348,6,WASHINGTON HEIGHTS EXPEDITIONARY LEARNING SCHOOL,1174,70,21.4,32.7,602,28.1,55.8,0.3,2.3,96.7,0.0,19.6,8.5,7.5,40.8489,-73.9308
06M423,6,HIGH SCHOOL FOR EXCELLENCE AND INNOVATION,1223,s,72.5,110.7,178,17.0,52.8,0.0,25.8,72.5,0.0,19.7,8.2,7.6,40.866,-73.9249
06M462,6,HIGH SCHOOL FOR INTERNATIONAL BUSINESS AND FINANCE,1127,76,17.1,21.4,630,26.0,63.8,1.4,5.2,91.4,0.5,43.0,7.2,7.1,40.8559,-73.92699999999999
06M463,6,HIGH SCHOOL FOR MEDIA AND COMMUNICATIONS,1098,63,6.5,11.2,572,23.4,63.5,0.5,10.7,87.1,1.0,26.9,7.4,6.4,40.8559,-73.92699999999999
06M467,6,HIGH SCHOOL FOR LAW AND PUBLIC SERVICE,1102,94,20.3,30.5,694,25.0,58.6,1.3,13.0,84.4,1.0,32.0,6.9,6.5,40.8559,-73.92699999999999
06M468,6,HIGH SCHOOL FOR HEALTH CAREERS AND SCIENCES,1224,24,4.7,5.6,679,27.6,52.7,1.0,13.7,83.8,0.7,31.2,7.0,6.4,40.8559,-73.92699999999999
06M540,6,A. PHILIP RANDOLPH CAMPUS HIGH SCHOOL,1309,228,12.8,17.3,1285,30.0,49.9,0.7,32.8,62.3,4.0,2.3,5.9,6.1,40.8183,-73.9506
06M552,6,GREGORIO LUPERON HIGH SCHOOL FOR SCIENCE AND MATHEMATICS,1014,56,18.6,29.2,472,25.4,48.9,0.0,0.0,99.8,0.0,89.6,8.5,7.7,40.838,-73.9384
07X221,7,SOUTH BRONX PREPARATORY: A COLLEGE BOARD SCHOOL,1090,65,10.1,14.3,622,21.4,47.4,0.5,29.9,68.8,0.6,8.8,6.6,7.1,40.814,-73.9208
07X334,7,INTERNATIONAL COMMUNITY HIGH SCHOOL,945,34,32.8,50.1,393,16.2,48.6,2.0,20.1,71.8,4.8,90.1,7.8,7.3,40.81,-73.9178
07X427,7,COMMUNITY SCHOOL FOR SOCIAL JUSTICE,1077,43,40.4,61.8,319,22.6,49.2,0.9,32.3,65.5,0.6,13.2,8.0,7.2,40.8161,-73.9303
07X473,7,MOTT HAVEN VILLAGE PREPARATORY HIGH SCHOOL,1097,63,35.5,54.3,363,24.3,50.1,0.0,22.6,76.0,1.1,9.6,6.7,6.9,40.8182,-73.9111
07X495,7,UNIVERSITY HEIGHTS SECONDARY SCHOOL,1201,79,27.7,42.4,465,26.9,43.2,1.3,18.1,78.1,2.6,3.7,8.2,7.2,40.8182,-73.9111
07X500,7,HOSTOSsLINCOLN ACADEMY OF SCIENCE,1257,66,11.9,19.9,538,21.4,45.2,0.7,24.0,72.7,2.0,5.6,7.2,6.8,40.815,-73.9125
07X520,7,FOREIGN LANGUAGE ACADEMY OF GLOBAL STUDIES,1186,64,4.2,4.2,311,23.2,45.3,1.0,26.0,68.8,3.2,21.9,7.1,6.0,40.8111,-73.9098
07X527,7,BRONX LEADERSHIP ACADEMY II HIGH SCHOOL,1103,62,6.0,6.0,502,24.4,54.0,1.0,41.2,56.0,1.4,14.1,5.6,6.7,40.8228,-73.9235
07X547,7,NEW EXPLORERS HIGH SCHOOL,1084,28,4.7,4.7,383,24.2,57.7,0.5,30.3,68.1,0.5,15.7,7.5,7.7,40.8228,-73.9235
07X548,7,URBAN ASSEMBLY SCHOOL FOR CAREERS IN SPORTS,1181,44,27.0,41.3,477,25.5,84.3,0.4,26.6,70.4,0.4,5.0,7.2,7.2,40.8228,-73.9235
07X551,7,BRONX ACADEMY OF LETTERS,1201,51,9.5,16.6,555,23.1,44.5,0.9,34.1,64.3,0.5,9.4,6.6,6.3,40.8134,-73.9255
07X600,7,ALFRED E. SMITH CAREER AND TECHNICAL EDUCATION HIGH SCHOOL,1158,76,1.5,1.5,738,27.3,92.7,0.7,35.9,61.5,1.4,9.1,6.0,5.7,40.8182,-73.9197
07X670,7,HEALTH OPPORTUNITIES HIGH SCHOOL,1095,114,10.4,19.9,587,25.7,28.6,0.5,39.2,56.9,3.1,10.4,6.1,6.3,40.8161,-73.9303
08X269,8,BRONX STUDIO SCHOOL FOR WRITERS AND ARTISTS,1223,s,25.8,39.4,500,27.2,44.0,1.0,22.4,74.8,1.2,9.2,6.4,6.6,40.8206,-73.8931
08X282,8,WOMEN'S ACADEMY OF EXCELLENCE,1171,44,5.5,5.8,379,22.0,0.3,2.4,45.9,46.4,2.9,2.6,7.3,6.3,40.8149,-73.8566
08X293,8,RENAISSANCE HIGH SCHOOL FOR MUSICAL THEATER & TECHNOLOGY,1158,52,4.7,6.2,469,25.8,38.0,7.7,25.4,63.8,2.6,4.5,7.8,6.9,40.8405,-73.8381
08X305,8,PABLO NERUDA ACADEMY FOR ARCHITECTURE AND WORLD STUDIES,1038,67,35.9,54.9,359,19.7,66.0,1.4,26.2,69.9,2.5,15.9,6.4,6.3,40.8223,-73.85600000000001
08X312,8,MILLENNIUM ART ACADEMY,1164,67,7.1,11.1,496,28.2,49.2,1.0,32.5,64.3,1.8,5.4,7.8,6.4,40.8223,-73.85600000000001
08X332,8,HOLCOMBE L. RUCKER SCHOOL OF COMMUNITY RESEARCH,1084,39,6.0,8.4,333,19.7,49.2,0.6,39.9,56.8,0.9,12.6,6.9,6.8,40.8174,-73.898
08X376,8,"ANTONIA PANTOJA PREPARATORY ACADEMY, A COLLEGE BOARD SCHOOL",1223,s,29.9,45.6,432,23.5,47.0,0.7,27.8,66.0,4.9,7.4,5.1,5.6,40.8223,-73.85600000000001
08X405,8,HERBERT H. LEHMAN HIGH SCHOOL,1241,415,12.0,14.8,3593,27.5,61.1,9.0,23.0,60.6,6.8,9.2,6.3,5.5,40.8405,-73.8381
08X432,8,BRONX BRIDGES HIGH SCHOOL,1223,s,83.2,127.1,155,19.1,52.3,2.6,8.4,83.2,5.2,79.4,9.3,6.9,40.8223,-73.85600000000001
08X519,8,"FELISA RINCON DE GAUTIER INSTITUTE FOR LAW AND PUBLIC POLICY, THE",1099,68,35.5,54.3,363,24.0,43.0,0.6,21.8,76.0,1.4,14.0,7.3,5.7,40.8212,-73.8811
08X530,8,BANANA KELLY HIGH SCHOOL,1131,54,28.6,43.7,451,25.3,49.9,1.1,32.6,65.4,0.7,13.5,7.6,7.0,40.8174,-73.898
09X227,9,BRONX EXPEDITIONARY LEARNING HIGH SCHOOL,1049,39,36.3,55.5,355,22.7,50.1,0.8,27.9,69.3,1.1,29.3,7.5,6.5,40.8404,-73.9108
09X231,9,EAGLE ACADEMY FOR YOUNG MEN,1134,78,5.8,8.0,550,25.5,100.0,0.5,63.1,33.8,0.7,4.0,6.7,5.8,40.8452,-73.89699999999999
09X241,9,"URBAN ASSEMBLY SCHOOL FOR APPLIED MATH AND SCIENCE, THE",1290,80,2.6,2.6,606,21.5,49.3,1.5,32.0,63.4,2.6,9.4,7.5,6.8,40.8393,-73.9013
09X250,9,EXIMIUS COLLEGE PREPARATORY ACADEMY: A COLLEGE BOARD SCHOOL,1169,50,25.3,41.0,356,24.6,46.6,0.3,40.7,58.1,0.6,8.1,6.7,7.3,40.8337,-73.9024
09X252,9,MOTT HALL BRONX HIGH SCHOOL,1092,67,36.4,55.6,354,27.7,45.8,0.8,24.3,73.7,1.1,8.8,6.6,6.6,40.8393,-73.9013
09X260,9,BRONX CENTER FOR SCIENCE AND MATHEMATICS,1396,81,14.0,18.0,444,22.7,46.2,1.1,24.3,68.7,5.9,1.6,7.7,7.1,40.8337,-73.9024
09X263,9,VALIDUS PREPARATORY ACADEMY: AN EXPEDITIONARY LEARNING SCHOOL,1075,74,1.9,1.9,365,26.3,44.1,0.3,34.2,63.8,1.1,12.1,7.9,7.6,40.8393,-73.9013
09X276,9,LEADERSHIP INSTITUTE,1081,30,7.4,7.4,230,22.1,52.2,1.3,33.0,63.5,1.7,16.5,6.7,7.1,40.8413,-73.898
09X297,9,MORRIS ACADEMY FOR COLLABORATIVE STUDIES,1148,38,28.7,43.8,450,22.8,53.8,0.4,26.0,73.1,0.4,19.1,6.8,6.4,40.8276,-73.9045
09X324,9,BRONX EARLY COLLEGE ACADEMY FOR TEACHING & LEARNING,1223,s,26.2,40.0,493,28.0,48.5,0.2,32.0,64.5,3.0,11.0,6.6,6.7,40.8287,-73.9178
09X329,9,DREAMYARD PREPARATORY SCHOOL,1138,51,4.3,4.3,349,22.9,44.1,0.3,26.9,69.9,0.0,24.4,6.1,6.0,40.8404,-73.9108
09X365,9,ACADEMY FOR LANGUAGE AND TECHNOLOGY,951,54,6.0,6.0,336,23.7,48.8,0.0,0.6,99.4,0.0,86.6,6.9,7.5,40.8491,-73.9161
09X403,9,BRONX INTERNATIONAL HIGH SCHOOL,965,49,32.0,48.9,403,15.6,45.7,3.7,22.8,72.2,1.0,87.1,6.8,7.0,40.8276,-73.9045
09X404,9,SCHOOL FOR EXCELLENCE,1074,32,33.4,51.0,386,24.3,52.3,0.0,34.5,64.5,0.3,20.7,6.7,6.9,40.8276,-73.9045
09X412,9,BRONX HIGH SCHOOL OF BUSINESS,1083,34,6.5,7.7,401,23.2,54.9,0.5,38.7,59.9,0.7,23.2,5.9,6.1,40.8404,-73.9108
09X413,9,BRONX HIGH SCHOOL FOR MEDICAL SCIENCE,1221,64,28.4,43.3,455,26.0,42.2,0.2,36.7,57.8,5.3,5.7,8.1,6.0,40.8404,-73.9108
09X505,9,"BRONX SCHOOL FOR LAW, GOVERNMENT AND JUSTICE",1224,80,5.9,7.2,763,27.8,45.9,1.0,30.4,66.2,2.0,6.6,7.6,6.5,40.8276,-73.9187
09X517,9,FREDERICK DOUGLASS ACADEMY III SECONDARY SCHOOL,1121,50,4.9,6.8,532,23.0,51.5,0.4,56.2,41.4,1.1,6.4,6.1,6.5,40.8342,-73.904
09X525,9,BRONX LEADERSHIP ACADEMY HIGH SCHOOL,1166,114,5.7,6.0,705,26.9,43.3,0.0,41.1,57.0,0.7,9.6,7.0,6.1,40.8436,-73.9032
09X543,9,HIGH SCHOOL FOR VIOLIN AND DANCE,1039,27,39.9,61.0,323,22.5,14.6,0.0,36.8,62.5,0.3,8.7,6.8,6.6,40.8276,-73.9045
10X141,10,RIVERDALE / KINGSBRIDGE ACADEMY (MIDDLE SCHOOL / HIGH SCHOOL 141),1333,113,9.9,13.8,1337,26.8,51.8,24.9,13.0,53.0,8.8,6.7,5.9,5.9,40.8884,-73.9141
10X213,10,BRONX ENGINEERING AND TECHNOLOGY ACADEMY,1150,86,24.1,51.4,444,22.0,82.7,0.9,29.5,64.2,5.2,15.5,6.3,6.5,40.876999999999995,-73.9123
10X225,10,THEATRE ARTS PRODUCTION COMPANY SCHOOL,1190,59,3.2,5.2,524,25.0,30.9,1.1,27.3,69.7,1.1,4.4,6.1,7.7,40.8546,-73.8966
10X237,10,"THE MARIE CURIE SCHOOL FOR MEDICINE, NURSING, AND HEALTH PROFESSIONS",1157,79,2.8,2.8,540,25.8,16.5,3.3,35.6,57.4,1.5,6.7,6.0,5.9,40.876,-73.9012
10X243,10,WEST BRONX ACADEMY FOR THE FUTURE,1158,26,3.9,4.6,636,25.0,57.9,1.3,24.7,69.5,3.5,13.2,7.0,6.6,40.86,-73.8882
10X268,10,KINGSBRIDGE INTERNATIONAL HIGH SCHOOL,962,52,6.4,7.4,497,29.6,52.3,3.0,5.4,84.7,6.8,88.7,6.9,6.9,40.8704,-73.8982
10X284,10,BRONX SCHOOL OF LAW AND FINANCE,1182,54,5.0,6.4,422,23.4,56.6,2.6,31.5,65.2,0.7,7.1,6.8,6.1,40.876999999999995,-73.9123
10X342,10,INTERNATIONAL SCHOOL FOR LIBERAL ARTS,934,49,9.1,12.0,606,23.7,49.0,0.0,0.0,99.8,0.2,79.9,7.1,7.4,40.8704,-73.8982
10X368,10,INsTECH ACADEMY (M.S. / HIGH SCHOOL 368),1181,111,3.6,4.8,1126,26.3,48.9,2.0,11.9,81.9,4.0,12.1,7.4,6.5,40.8801,-73.9092
10X374,10,KNOWLEDGE AND POWER PREPARATORY ACADEMY INTERNATIONAL HIGH SCHOOL (KAPPA),1180,61,39.8,60.8,324,22.8,47.2,3.1,35.2,59.9,0.9,9.3,7.9,7.2,40.86,-73.8882
10X433,10,HIGH SCHOOL FOR TEACHING AND THE PROFESSIONS,1106,57,13.1,17.5,473,20.8,42.3,1.9,25.2,70.4,2.5,17.8,7.3,5.9,40.8704,-73.8982
10X434,10,BELMONT PREPARATORY HIGH SCHOOL,1222,51,7.6,11.1,407,22.4,47.2,1.7,29.0,65.6,3.2,11.3,7.5,6.0,40.86,-73.8882
10X437,10,FORDHAM HIGH SCHOOL FOR THE ARTS,1077,48,33.3,50.9,387,22.9,43.2,1.3,35.7,61.5,1.6,12.4,6.3,7.0,40.86,-73.8882
10X438,10,FORDHAM LEADERSHIP ACADEMY FOR BUSINESS AND TECHNOLOGY,1119,63,9.3,10.4,451,21.4,63.4,1.3,27.7,67.8,2.7,16.6,5.6,5.8,40.86,-73.8882
10X439,10,BRONX HIGH SCHOOL FOR LAW AND COMMUNITY SERVICE,1082,65,10.2,15.0,432,21.7,44.4,0.9,30.8,64.6,2.3,13.4,6.9,6.0,40.86,-73.8882
10X440,10,DEWITT CLINTON HIGH SCHOOL,1255,443,8.8,13.0,4159,26.1,51.1,2.1,30.8,59.6,6.7,19.0,6.0,5.2,40.8801,-73.8859
10X442,10,"CELIA CRUZ BRONX HIGH SCHOOL OF MUSIC, THE",1270,52,7.3,8.3,423,23.3,40.7,2.4,27.2,69.5,0.5,3.5,6.5,6.5,40.8704,-73.8982
10X445,10,BRONX HIGH SCHOOL OF SCIENCE,1969,731,39.5,80.8,3013,31.2,57.8,25.4,3.5,7.2,63.5,0.1,7.4,6.8,40.8771,-73.8898
10X477,10,MARBLE HILL HIGH SCHOOL FOR INTERNATIONAL STUDIES,1263,99,18.2,30.9,456,23.2,46.7,7.5,23.0,57.9,11.0,32.2,8.2,7.1,40.876999999999995,-73.9123
10X546,10,BRONX THEATRE HIGH SCHOOL,1064,68,7.6,7.6,445,24.1,32.1,1.8,28.8,69.0,0.4,9.4,7.2,7.4,40.876999999999995,-73.9123
10X549,10,DISCOVERY HIGH SCHOOL,1115,55,24.4,37.2,529,23.9,52.4,1.3,20.2,75.6,2.1,20.6,8.3,6.2,40.8704,-73.8982
10X696,10,HIGH SCHOOL OF AMERICAN STUDIES AT LEHMAN COLLEGE,1920,92,51.5,80.1,377,22.2,53.8,53.8,10.6,18.0,16.7,0.0,8.8,8.1,40.8713,-73.8975
11X249,11,BRONX HEALTH SCIENCES HIGH SCHOOL,1133,74,34.2,52.3,377,22.7,35.3,0.5,56.8,36.3,4.8,6.1,8.2,6.3,40.8741,-73.8338
11X253,11,BRONX HIGH SCHOOL FOR WRITING AND COMMUNICATION ARTS,1147,46,6.6,7.1,422,23.7,40.8,1.7,48.3,47.6,2.4,8.5,6.8,5.5,40.8758,-73.8614
11X265,11,BRONX LAB SCHOOL,1135,81,26.8,40.9,482,22.1,59.5,1.7,37.8,57.3,2.7,3.7,6.4,6.4,40.8758,-73.8614
11X270,11,ACADEMY FOR SCHOLARSHIP AND ENTREPRENEURSHIP: A COLLEGE BOARD SCHOOL,1141,56,4.0,4.0,606,28.2,52.0,0.7,63.7,32.0,2.5,6.3,5.6,5.2,40.8879,-73.8529
11X275,11,HIGH SCHOOL OF COMPUTERS AND TECHNOLOGY,1111,72,23.5,35.8,550,28.3,87.3,1.3,34.9,59.5,3.6,10.2,6.6,6.3,40.8758,-73.8614
11X288,11,COLLEGIATE INSTITUTE FOR MATH AND SCIENCE,1348,97,14.5,20.4,543,24.1,57.1,7.0,36.8,46.8,9.2,3.3,8.4,7.2,40.8597,-73.8607
11X290,11,BRONX ACADEMY OF HEALTH CAREERS,1135,69,26.7,40.8,483,27.1,32.7,1.0,52.6,41.2,3.3,7.7,7.9,5.9,40.8758,-73.8614
11X299,11,ASTOR COLLEGIATE ACADEMY,1169,60,7.2,9.6,498,24.2,58.6,11.8,35.7,46.0,5.4,7.6,6.8,5.9,40.8597,-73.8607
11X418,11,BRONX HIGH SCHOOL FOR THE VISUAL ARTS,1268,48,5.4,8.5,483,27.0,58.0,6.4,29.2,62.3,1.9,5.2,7.0,6.3,40.8514,-73.865
11X455,11,HARRY S TRUMAN HIGH SCHOOL,1151,189,5.8,7.6,1773,28.5,60.0,1.3,51.8,43.8,2.0,9.2,7.2,6.0,40.8741,-73.8338
11X513,11,NEW WORLD HIGH SCHOOL,1048,72,3.0,3.0,402,21.7,50.0,3.2,13.2,70.4,12.4,80.1,6.7,7.1,40.8879,-73.8529
11X514,11,THE BRONXWOOD PREPARATORY ACADEMY,1112,48,31.0,47.4,416,23.0,61.3,1.0,58.2,37.3,1.9,7.0,6.8,6.0,40.8879,-73.8529
11X542,11,PELHAM PREPARATORY ACADEMY,1288,76,9.1,11.2,507,27.5,48.1,6.9,40.2,49.7,2.4,2.2,7.2,6.4,40.8597,-73.8607
11X544,11,HIGH SCHOOL FOR CONTEMPORARY ARTS,1126,55,26.9,41.1,479,25.6,55.3,1.0,37.2,59.9,1.0,10.2,7.5,6.7,40.8758,-73.8614
11X545,11,BRONX AEROSPACE HIGH SCHOOL,1163,46,31.0,47.4,416,20.8,82.5,1.2,23.8,72.6,2.2,14.7,6.3,5.6,40.8758,-73.8614
12X248,12,"METROPOLITAN HIGH SCHOOL, THE",1055,49,7.4,7.4,339,23.3,54.0,0.9,24.2,72.9,1.8,21.8,7.4,6.8,40.8252,-73.8939
12X251,12,EXPLORATIONS ACADEMY,1122,57,35.6,54.4,362,21.2,50.8,1.4,31.2,65.5,1.7,19.9,6.5,6.9,40.8359,-73.8905
12X267,12,BRONX LATIN,1251,36,30.9,47.1,418,21.7,49.8,1.0,25.6,73.2,0.2,13.6,7.9,8.5,40.8278,-73.9004
12X271,12,EAST BRONX ACADEMY FOR THE FUTURE,1102,46,5.2,6.0,619,27.0,53.0,0.2,29.4,68.3,1.9,11.6,7.3,6.8,40.836999999999996,-73.888
12X278,12,PEACE AND DIVERSITY ACADEMY,1155,34,3.5,3.5,231,21.0,45.0,0.9,43.7,53.7,1.7,13.9,6.5,8.6,40.8252,-73.8939
12X388,12,PAN AMERICAN INTERNATIONAL HIGH SCHOOL AT MONROE,970,30,31.8,48.5,406,15.4,51.5,0.0,0.0,99.8,0.0,92.9,6.7,6.8,40.8314,-73.8788
12X478,12,THE CINEMA SCHOOL,1223,s,57.8,88.3,223,22.7,40.8,1.8,28.7,65.0,4.5,4.0,9.0,7.5,40.8314,-73.8783
12X479,12,BRONX CAREER AND COLLEGE PREPARATORY HIGH SCHOOL,1223,s,52.9,80.7,244,21.9,44.3,0.4,37.3,59.8,2.5,16.8,6.5,6.5,40.8278,-73.9004
12X550,12,HIGH SCHOOL OF WORLD CULTURES,939,42,35.0,53.4,369,23.2,52.0,0.5,10.8,84.6,2.4,86.4,7.5,7.8,40.8314,-73.8788
12X682,12,FANNIE LOU HAMER FREEDOM HIGH SCHOOL,1029,72,27.0,41.3,477,22.5,54.1,0.2,30.6,68.8,0.2,11.5,8.5,6.6,40.8308,-73.88600000000001
12X684,12,WINGS ACADEMY,1114,66,3.7,5.0,538,24.5,53.7,1.3,55.0,42.2,1.3,4.5,6.2,5.9,40.8418,-73.8754
12X692,12,MONROE ACADEMY FOR VISUAL ARTS & DESIGN,1038,43,27.7,42.3,466,22.2,52.6,1.3,20.4,77.5,0.9,28.8,7.2,6.7,40.8314,-73.8788
13K265,13,DR. SUSAN S. MCKINNEY SECONDARY SCHOOL OF THE ARTS,1074,29,3.8,5.0,443,21.4,37.0,1.8,72.0,24.6,0.5,4.3,7.4,6.1,40.6963,-73.9758
13K350,13,URBAN ASSEMBLY HIGH SCHOOL OF MUSIC AND ART,1080,52,29.9,45.7,431,22.2,42.7,0.9,73.3,22.7,1.9,4.6,6.6,6.5,40.6972,-73.985
13K412,13,"BROOKLYN COMMUNITY HIGH SCHOOL OF COMMUNICATION, ARTS AND MEDIA",1114,37,4.5,4.5,462,25.2,45.5,1.3,79.2,17.1,0.6,2.4,6.7,6.1,40.6926,-73.9589
13K419,13,"SCIENCE SKILLS CENTER HIGH SCHOOL FOR SCIENCE, TECHNOLOGY AND THE CREATIVE ARTS",1211,92,10.1,11.4,517,27.2,56.1,2.1,77.8,12.2,7.2,7.0,7.0,6.0,40.6972,-73.985
13K430,13,BROOKLYN TECHNICAL HIGH SCHOOL,1833,1277,39.7,69.2,5332,32.5,58.3,21.3,10.2,7.9,60.3,0.1,7.8,7.0,40.6881,-73.9767
13K439,13,BROOKLYN INTERNATIONAL HIGH SCHOOL,981,90,35.1,53.7,367,19.6,48.2,8.7,20.2,28.6,42.5,83.1,8.6,7.9,40.6972,-73.985
13K483,13,THE URBAN ASSEMBLY SCHOOL FOR LAW AND JUSTICE,1206,105,6.9,12.7,450,22.2,39.6,1.1,79.1,17.1,0.9,0.9,7.3,6.8,40.6946,-73.9886
13K499,13,ACORN COMMUNITY HIGH SCHOOL,1116,72,8.8,13.0,731,27.2,55.8,0.8,84.7,12.2,1.2,2.9,6.0,6.0,40.6785,-73.9621
13K527,13,URBAN ASSEMBLY INSTITUTE OF MATH AND SCIENCE FOR YOUNG WOMEN,1223,s,27.5,42.0,469,24.9,0.0,2.6,79.3,11.7,5.1,1.5,6.8,5.8,40.6946,-73.9886
13K595,13,BEDFORD ACADEMY HIGH SCHOOL,1312,89,11.7,15.5,367,21.8,49.0,0.3,89.4,7.1,2.7,1.1,7.6,6.6,40.6854,-73.9543
13K605,13,GEORGE WESTINGHOUSE CAREER AND TECHNICAL EDUCATION HIGH SCHOOL,1189,85,3.8,3.8,927,26.7,75.5,1.3,79.8,15.3,2.8,1.9,6.5,5.5,40.6949,-73.986
13K670,13,BENJAMIN BANNEKER ACADEMY,1391,185,14.7,16.6,895,27.9,46.1,0.4,87.0,8.8,2.7,0.0,7.3,6.6,40.6957,-73.9693
13K674,13,"CITY POLYTECHNIC HIGH SCHOOL OF ENGINEERING, ARCHITECTURE, AND TECHNOLOGY",1353,20,38.5,58.8,335,21.4,79.4,4.5,58.2,26.3,7.5,3.6,6.6,6.4,40.6949,-73.986
14K071,14,JUAN MOREL CAMPOS SECONDARY SCHOOL,1085,102,1.8,1.8,865,30.1,54.7,3.4,15.3,80.6,0.2,24.9,7.1,6.1,40.7036,-73.9532
14K322,14,FOUNDATIONS ACADEMY,1223,s,29.8,37.6,141,20.6,56.7,1.4,66.7,29.8,1.4,5.7,6.0,6.9,40.6971,-73.9467
14K449,14,"BROOKLYN LATIN SCHOOL, THE",1740,72,27.6,42.1,468,23.3,54.9,14.5,26.7,17.9,36.8,0.4,8.5,7.5,40.7099,-73.9437
14K454,14,GREEN SCHOOL: AN ACADEMY FOR ENVIRONMENTAL CAREERS,1189,41,32.9,50.3,392,23.7,46.2,2.6,47.7,46.9,2.0,11.5,7.7,6.8,40.7099,-73.9437
14K474,14,PROGRESS HIGH SCHOOL FOR PROFESSIONAL CAREERS,1114,144,4.7,6.2,1068,25.8,48.5,1.0,32.6,65.4,0.7,16.1,7.2,6.4,40.711999999999996,-73.9404
14K477,14,SCHOOL FOR LEGAL STUDIES,1204,134,3.2,3.6,759,27.4,45.8,1.7,57.7,39.3,0.9,5.7,7.0,5.4,40.711999999999996,-73.9404
14K478,14,"THE HIGH SCHOOL FOR ENTERPRISE, BUSINESS AND TECHNOLOGY",1215,142,9.6,13.2,976,29.4,65.7,1.9,39.3,55.4,3.2,9.9,7.2,6.0,40.711999999999996,-73.9404
14K488,14,BROOKLYN PREPARATORY HIGH SCHOOL,1090,42,7.0,11.5,400,23.4,47.7,1.0,58.7,37.7,1.7,2.7,6.9,6.4,40.715,-73.9546
14K558,14,WILLIAMSBURG HIGH SCHOOL FOR ARCHITECTURE AND DESIGN,1112,72,6.0,9.6,500,25.4,72.6,2.2,38.4,57.2,1.4,7.0,8.4,7.8,40.715,-73.9546
14K561,14,WILLIAMSBURG PREPARATORY SCHOOL,1187,113,5.4,7.1,577,25.4,51.0,11.1,25.5,61.5,1.6,2.8,8.1,7.2,40.715,-73.9546
14K586,14,LYONS COMMUNITY SCHOOL,1103,31,24.5,37.4,527,20.8,53.7,2.1,41.7,54.6,1.1,14.6,8.1,6.9,40.7099,-73.9437
14K610,14,AUTOMOTIVE HIGH SCHOOL,1093,94,17.8,27.2,723,25.6,95.6,1.7,66.1,30.2,1.4,4.7,5.4,5.3,40.7226,-73.9526
14K632,14,FRANCES PERKINS ACADEMY,1122,12,74.6,113.9,173,17.3,76.9,4.0,64.7,31.2,0.0,9.8,5.6,7.1,40.7226,-73.9526
14K685,14,EL PUENTE ACADEMY FOR PEACE AND JUSTICE,1035,28,59.2,90.4,218,22.3,42.7,0.5,10.1,87.6,1.8,17.0,8.6,7.8,40.7058,-73.9557
15K429,15,BROOKLYN SCHOOL FOR GLOBAL STUDIES,1111,52,36.4,55.6,354,25.3,56.2,3.4,54.5,39.0,2.3,5.9,5.9,6.1,40.6855,-73.9935
15K448,15,BROOKLYN SECONDARY SCHOOL FOR COLLABORATIVE STUDIES,1179,76,18.6,28.5,692,23.1,59.1,12.6,34.2,48.1,4.3,4.5,6.7,6.7,40.6799,-74.0015
15K462,15,SECONDARY SCHOOL FOR LAW,1203,59,27.3,41.6,473,25.9,44.2,5.5,62.4,29.6,2.5,6.3,6.5,5.5,40.6696,-73.9793
15K463,15,SECONDARY SCHOOL FOR JOURNALISM,1169,58,6.5,6.5,336,23.8,42.3,5.4,42.0,43.2,9.2,16.7,6.6,5.8,40.6696,-73.9793
15K464,15,PARK SLOPE COLLEGIATE,1175,72,32.7,50.0,394,26.7,52.8,5.3,33.2,51.8,8.6,9.6,6.9,6.2,40.6696,-73.9793
15K497,15,SCHOOL FOR INTERNATIONAL STUDIES,1212,64,6.2,7.0,486,23.5,50.8,14.0,40.9,38.9,6.2,14.6,6.3,6.7,40.6855,-73.9935
15K519,15,COBBLE HILL SCHOOL OF AMERICAN STUDIES,1185,77,3.8,5.4,663,26.9,43.9,2.3,71.5,21.0,5.1,7.5,6.0,5.6,40.6846,-73.9911
15K656,15,BROOKLYN HIGH SCHOOL OF THE ARTS,1258,141,19.0,29.1,678,26.8,33.9,2.2,76.5,19.0,1.8,0.1,7.2,6.6,40.6837,-73.9805
15K667,15,SUNSET PARK HIGH SCHOOL,1223,s,13.1,19.9,988,26.9,50.7,6.7,7.8,80.8,4.7,14.4,7.0,6.4,40.656,-74.0055
16K393,16,FREDERICK DOUGLASS ACADEMY IV SECONDARY SCHOOL,1068,20,29.4,44.9,439,22.3,48.7,0.5,83.6,14.1,0.9,1.4,6.2,6.1,40.6921,-73.9315
16K455,16,BOYS AND GIRLS HIGH SCHOOL,1097,131,1.3,2.0,1631,26.5,61.7,0.7,90.0,7.8,0.5,2.5,5.9,6.1,40.6794,-73.9324
16K498,16,BROOKLYN HIGH SCHOOL FOR LAW AND TECHNOLOGY,1092,46,12.1,19.8,405,26.6,51.6,0.0,72.8,24.9,1.0,4.7,7.0,6.4,40.6889,-73.9211
16K688,16,THE BROOKLYN ACADEMY OF GLOBAL FINANCE,1223,s,81.1,123.9,159,21.5,51.6,2.5,74.2,20.8,1.9,6.3,3.9,4.9,40.6915,-73.9337
17K382,17,ACADEMY FOR COLLEGE PREPARATION AND CAREER EXPLORATION: A COLLEGE BOARD SCHOOL,1139,59,11.3,14.5,565,24.8,53.8,1.1,92.0,6.7,0.2,5.0,6.6,5.5,40.6494,-73.9584
17K408,17,ACADEMY OF HOSPITALITY AND TOURISM,1045,57,40.4,61.8,319,25.1,49.8,0.9,84.3,12.9,1.6,12.9,7.4,5.5,40.6494,-73.9584
17K524,17,INTERNATIONAL HIGH SCHOOL AT PROSPECT HEIGHTS,913,71,32.2,49.1,401,23.8,59.1,14.2,29.2,27.9,28.4,91.0,7.7,7.4,40.6703,-73.9616
17K528,17,THE HIGH SCHOOL FOR GLOBAL CITIZENSHIP,1176,46,5.8,9.9,343,26.4,50.1,1.5,89.2,7.3,1.5,5.2,5.2,6.1,40.6703,-73.9616
17K531,17,"SCHOOL FOR HUMAN RIGHTS, THE",1088,35,33.4,51.0,386,30.9,51.6,1.6,88.9,8.3,0.8,6.2,9.0,6.8,40.6595,-73.9425
17K533,17,SCHOOL FOR DEMOCRACY AND LEADERSHIP,1153,38,31.8,48.5,406,23.2,52.0,1.5,89.4,8.4,0.5,3.7,5.0,5.6,40.6595,-73.9425
17K537,17,HIGH SCHOOL FOR YOUTH AND COMMUNITY DEVELOPMENT AT ERASMUS,1027,73,5.5,9.6,385,23.0,61.6,1.0,87.3,9.1,1.0,9.1,6.3,5.5,40.6494,-73.9584
17K539,17,HIGH SCHOOL FOR SERVICE & LEARNING AT ERASMUS,1105,61,30.6,46.7,422,27.9,63.3,1.7,87.0,9.0,2.1,8.8,7.6,5.5,40.6494,-73.9584
17K543,17,"SCIENCE, TECHNOLOGY AND RESEARCH EARLY COLLEGE HIGH SCHOOL AT ERASMUS",1360,69,24.8,37.8,521,23.1,53.0,1.3,83.9,9.4,3.1,0.0,6.5,6.6,40.6494,-73.9584
17K546,17,HIGH SCHOOL FOR PUBLIC SERVICE: HEROES OF TOMORROW,1273,79,25.4,31.2,417,23.1,24.9,0.7,82.5,12.2,3.6,0.5,7.9,6.4,40.6595,-73.9425
17K547,17,BROOKLYN ACADEMY OF SCIENCE AND THE ENVIRONMENT,1143,63,10.4,12.5,471,21.4,54.4,1.5,79.6,14.2,4.0,6.8,5.8,5.7,40.6703,-73.9616
17K548,17,BROOKLYN SCHOOL FOR MUSIC & THEATRE,1151,48,9.0,10.0,412,26.1,32.8,1.0,82.8,15.3,1.0,0.5,6.5,5.9,40.6703,-73.9616
17K590,17,MEDGAR EVERS COLLEGE PREPARATORY SCHOOL,1436,165,24.6,45.9,1104,27.6,41.8,0.0,95.7,2.8,0.9,0.0,8.6,5.7,40.6672,-73.9509
17K600,17,CLARA BARTON HIGH SCHOOL,1251,259,8.4,13.1,1608,29.3,23.8,0.7,91.2,5.8,1.8,8.3,7.3,5.9,40.6703,-73.9617
18K563,18,IT TAKES A VILLAGE ACADEMY,963,56,33.8,51.6,382,20.8,49.0,0.5,92.9,4.5,1.8,30.4,8.0,6.1,40.6487,-73.9219
18K566,18,BROOKLYN GENERATION SCHOOL,1145,29,39.0,59.5,331,19.9,61.0,0.9,88.8,8.5,1.5,5.7,5.5,6.0,40.6326,-73.9178
18K567,18,BROOKLYN THEATRE ARTS HIGH SCHOOL,1118,54,33.8,51.6,382,26.1,36.1,2.1,84.3,12.8,0.5,5.0,6.8,5.8,40.6326,-73.9178
18K569,18,KURT HAHN EXPEDITIONARY LEARNING SCHOOL,1092,43,43.9,67.0,294,26.1,64.3,1.7,88.1,8.8,0.0,9.5,6.2,6.3,40.6487,-73.9219
18K576,18,VICTORY COLLEGIATE HIGH SCHOOL,1143,63,39.7,60.6,325,25.0,48.9,0.0,93.5,5.8,0.3,5.2,7.5,6.6,40.6326,-73.9178
18K589,18,ARTS & MEDIA PREPARATORY ACADEMY,1080,48,44.0,67.2,293,20.0,47.4,0.0,89.4,9.6,0.7,3.4,6.7,6.2,40.6585,-73.929
18K617,18,HIGH SCHOOL FOR INNOVATION IN ADVERTISING AND MEDIA,1183,37,41.6,63.5,310,19.6,66.5,1.3,85.8,10.6,1.3,8.1,7.2,6.6,40.6418,-73.8987
18K629,18,CULTURAL ACADEMY FOR THE ARTS AND SCIENCES,1169,33,43.1,65.9,299,18.4,51.5,0.7,86.6,11.4,1.3,7.7,6.8,6.0,40.6487,-73.9219
18K633,18,HIGH SCHOOL FOR MEDICAL PROFESSIONS,1159,75,28.0,42.8,460,27.0,21.5,0.2,85.0,12.4,1.7,3.3,7.1,6.3,40.6418,-73.8987
18K637,18,ACADEMY FOR CONSERVATION AND THE ENVIRONMENT,1111,35,47.1,71.9,274,19.6,54.7,1.5,83.9,12.0,2.2,6.9,7.2,6.1,40.6326,-73.9178
18K642,18,URBAN ACTION ACADEMY,1135,40,42.3,64.6,305,20.6,62.6,3.9,82.3,10.5,2.3,11.1,6.8,6.1,40.6418,-73.8987
19K409,19,EAST NEW YORK FAMILY ACADEMY,1242,54,29.8,45.5,433,19.1,43.2,1.4,67.2,30.3,0.5,0.5,8.1,6.7,40.6606,-73.8863
19K502,19,FDNY HIGH SCHOOL FOR FIRE AND LIFE SAFETY,1023,37,33.9,51.7,381,23.5,81.1,1.6,73.8,23.4,1.0,5.0,5.0,5.4,40.6676,-73.8948
19K504,19,HIGH SCHOOL FOR CIVIL RIGHTS,1054,47,3.0,4.5,401,26.2,54.4,1.0,74.3,22.2,2.0,9.7,7.9,6.4,40.6676,-73.8948
19K507,19,PERFORMING ARTS AND TECHNOLOGY HIGH SCHOOL,1149,61,28.5,43.5,453,24.6,51.4,0.0,81.5,17.4,0.7,4.9,7.6,6.5,40.6676,-73.8948
19K510,19,WORLD ACADEMY FOR TOTAL COMMUNITY HEALTH HIGH SCHOOL,1106,68,5.8,5.8,380,24.0,36.8,1.3,81.1,14.2,2.1,4.2,5.8,5.3,40.6676,-73.8948
19K583,19,MULTICULTURAL HIGH SCHOOL,887,29,10.8,10.8,406,23.8,49.8,0.0,0.2,99.8,0.0,94.6,6.1,7.1,40.6911,-73.8684
19K615,19,TRANSIT TECH CAREER AND TECHNICAL EDUCATION HIGH SCHOOL,1193,182,10.5,12.5,1317,27.0,84.1,1.5,70.5,23.2,4.4,2.4,6.2,5.3,40.6782,-73.876
19K618,19,ACADEMY OF INNOVATIVE TECHNOLOGY,1096,60,31.9,48.8,404,23.3,70.3,3.0,38.4,50.2,7.4,12.1,6.6,6.4,40.6911,-73.8684
19K639,19,BROOKLYN LAB SCHOOL,1108,57,32.5,49.6,397,25.3,58.4,1.3,30.7,65.0,1.5,15.4,4.9,5.6,40.6911,-73.8684
19K659,19,CYPRESS HILLS COLLEGIATE PREPARATORY SCHOOL,1129,51,4.8,4.8,437,23.8,47.8,1.4,16.9,73.2,8.2,16.2,5.7,6.6,40.6911,-73.8684
19K660,19,W. H. MAXWELL CAREER AND TECHNICAL EDUCATION HIGH SCHOOL,1102,74,7.8,7.8,590,25.3,29.8,0.7,71.9,25.4,0.5,5.3,7.0,5.8,40.6742,-73.8965
19K683,19,"THE SCHOOL FOR CLASSICS: AN ACADEMY OF THINKERS, WRITERS AND PERFORMERS",1157,38,41.5,63.3,311,25.8,37.6,0.6,54.3,34.7,10.0,9.0,7.3,6.7,40.6707,-73.8742
20K445,20,NEW UTRECHT HIGH SCHOOL,1272,456,5.3,8.3,3276,27.9,59.3,30.5,5.5,28.0,35.9,23.0,7.8,7.0,40.6134,-74.0037
20K485,20,HIGH SCHOOL OF TELECOMMUNICATION ARTS AND TECHNOLOGY,1323,238,19.6,32.3,1280,30.4,53.5,16.8,9.5,54.1,19.2,4.9,8.2,7.0,40.6372,-74.0238
20K490,20,FORT HAMILTON HIGH SCHOOL,1306,694,8.4,13.5,4275,28.3,53.4,34.2,5.0,30.2,30.3,21.2,7.7,7.1,40.6279,-74.04
20K505,20,FRANKLIN DELANO ROOSEVELT HIGH SCHOOL,1244,385,7.3,10.9,3108,27.9,58.4,18.6,9.4,27.3,44.2,39.4,7.6,6.8,40.6203,-73.982
20K609,20,THE URBAN ASSEMBLY SCHOOL FOR CRIMINAL JUSTICE,1223,s,34.5,52.7,374,12.6,0.0,9.1,33.7,21.9,35.0,15.5,7.8,7.7,40.6349,-73.9815
21K337,21,INTERNATIONAL HIGH SCHOOL AT LAFAYETTE,1026,54,37.6,57.4,343,17.2,58.9,22.7,14.0,21.0,42.0,89.2,7.5,7.6,40.5936,-73.9847
21K344,21,RACHEL CARSON HIGH SCHOOL FOR COASTAL STUDIES,1237,54,7.1,13.3,481,25.9,53.6,37.6,24.1,25.8,12.3,11.0,6.5,6.3,40.5821,-73.9729
21K348,21,HIGH SCHOOL OF SPORTS MANAGEMENT,1164,39,2.7,2.7,370,26.4,88.9,5.9,68.4,23.0,2.7,2.4,7.3,6.0,40.5936,-73.9847
21K410,21,ABRAHAM LINCOLN HIGH SCHOOL,1226,475,5.1,7.4,2595,27.7,56.4,25.1,35.1,20.1,19.3,16.7,7.1,6.0,40.5823,-73.9675
21K468,21,KINGSBOROUGH EARLY COLLEGE SCHOOL,1223,s,27.3,41.7,472,24.6,57.8,44.7,25.0,22.7,7.2,2.8,7.4,6.4,40.5936,-73.9847
21K525,21,EDWARD R. MURROW HIGH SCHOOL,1431,727,9.9,14.3,4022,30.3,42.4,30.8,24.1,17.6,27.1,9.1,7.5,7.0,40.6205,-73.9592
21K540,21,JOHN DEWEY HIGH SCHOOL,1262,448,10.7,17.1,2168,28.4,51.5,10.8,30.6,19.1,39.1,19.6,6.4,6.4,40.5892,-73.9817
21K559,21,LIFE ACADEMY HIGH SCHOOL FOR FILM AND MUSIC,1124,40,51.4,78.5,251,24.2,51.0,20.3,44.6,29.9,4.8,4.8,6.0,6.2,40.5936,-73.9847
21K572,21,EXPEDITIONARY LEARNING SCHOOL FOR COMMUNITY LEADERS,1079,40,57.1,87.2,226,21.2,51.3,19.5,19.5,41.2,19.5,21.7,7.4,6.4,40.5936,-73.9847
21K620,21,WILLIAM E. GRADY CAREER AND TECHNICAL EDUCATION HIGH SCHOOL,1184,95,13.5,20.6,956,25.6,78.0,6.9,74.9,14.0,3.2,3.1,8.3,5.5,40.5825,-73.9637
21K690,21,BROOKLYN STUDIO SECONDARY SCHOOL,1313,119,4.5,4.9,876,26.6,50.1,56.5,7.2,23.1,12.8,8.4,6.4,6.5,40.6049,-73.9944
22K405,22,MIDWOOD HIGH SCHOOL,1473,824,19.4,31.8,3842,32.0,45.3,21.2,35.2,11.7,31.7,3.7,7.4,6.5,40.6333,-73.9529
22K425,22,JAMES MADISON HIGH SCHOOL,1350,518,10.5,15.1,3076,30.5,54.4,46.4,17.9,14.5,20.8,13.2,8.2,6.5,40.6098,-73.9485
22K535,22,LEON M. GOLDSTEIN HIGH SCHOOL FOR THE SCIENCES,1627,259,35.9,56.3,1022,31.6,41.2,65.6,9.4,10.8,13.5,0.5,8.1,7.6,40.5808,-73.9361
22K555,22,BROOKLYN COLLEGE ACADEMY,1352,131,20.5,31.3,630,26.3,36.3,2.7,77.9,12.4,5.9,0.2,9.0,7.5,40.6492,-73.9717
23K493,23,BROOKLYN COLLEGIATE: A COLLEGE BOARD SCHOOL,1185,60,2.6,2.8,580,24.8,50.7,0.5,88.1,8.3,1.9,1.6,7.4,6.1,40.6741,-73.9135
23K514,23,FREDERICK DOUGLASS ACADEMY VII HIGH SCHOOL,1091,55,10.7,11.0,365,23.0,48.5,0.0,88.5,10.4,0.8,1.4,6.9,6.2,40.6658,-73.9117
23K697,23,TEACHERS PREPARATORY HIGH SCHOOL,1196,69,5.8,6.5,566,25.1,34.1,1.2,84.8,13.1,0.7,1.8,6.8,6.4,40.6658,-73.9117
24Q264,24,ACADEMY OF FINANCE AND ENTERPRISE,1280,89,22.6,32.6,420,24.3,49.3,15.2,9.8,56.4,17.9,7.9,7.1,7.3,40.7451,-73.9368
24Q267,24,HIGH SCHOOL OF APPLIED COMMUNICATION,1219,39,11.9,12.4,388,22.1,43.8,16.0,12.9,57.2,13.9,10.3,8.6,6.8,40.7451,-73.9368
24Q293,24,CIVIC LEADERSHIP ACADEMY,1240,69,28.7,43.9,449,23.3,44.5,3.3,9.1,79.3,7.8,9.1,7.0,7.3,40.7433,-73.8706
24Q296,24,PAN AMERICAN INTERNATIONAL HIGH SCHOOL,951,55,35.2,53.8,366,19.7,47.8,0.0,0.0,100.0,0.0,91.3,6.4,7.3,40.7433,-73.8706
24Q299,24,BARD HIGH SCHOOL EARLY COLLEGE II,1663,155,20.4,31.2,631,20.5,39.3,30.3,16.2,21.2,32.0,0.3,8.6,7.9,40.7451,-73.9368
24Q455,24,NEWTOWN HIGH SCHOOL,1203,320,6.8,7.8,2572,27.3,57.5,5.3,9.3,60.3,24.6,30.0,7.2,6.4,40.7412,-73.8747
24Q485,24,GROVER CLEVELAND HIGH SCHOOL,1211,241,9.7,13.2,2069,27.0,55.0,22.7,4.4,63.5,9.1,21.6,7.9,6.4,40.7112,-73.9087
24Q520,24,MIDDLE COLLEGE HIGH SCHOOL AT LAGUARDIA COMMUNITY COLLEGE,1177,58,26.0,39.6,497,18.5,52.9,11.3,9.5,71.4,7.8,0.2,7.2,7.3,40.7441,-73.9336
24Q530,24,INTERNATIONAL HIGH SCHOOL AT LAGUARDIA COMMUNITY COLLEGE,1064,69,26.2,40.0,493,17.0,46.0,10.3,2.0,44.0,43.0,76.5,8.8,8.0,40.7441,-73.9336
24Q550,24,HIGH SCHOOL FOR ARTS AND BUSINESS,1174,138,23.9,38.6,828,27.4,43.1,3.0,8.3,79.2,9.1,13.3,7.4,7.0,40.7374,-73.8533
24Q560,24,"ROBERT F. WAGNER, JR. SECONDARY SCHOOL FOR ARTS AND TECHNOLOGY",1330,80,21.5,32.8,601,26.5,46.6,10.5,6.2,62.4,20.8,3.8,6.4,7.2,40.7423,-73.9369
24Q600,24,QUEENS VOCATIONAL AND TECHNICAL HIGH SCHOOL,1270,155,2.0,2.0,1368,28.5,60.3,8.7,6.9,74.2,10.2,6.4,8.6,6.6,40.7422,-73.9282
24Q610,24,AVIATION CAREER & TECHNICAL EDUCATION HIGH SCHOOL,1364,396,5.9,6.4,2201,28.2,85.3,10.1,6.8,55.3,27.1,3.2,8.5,6.9,40.7436,-73.9291
25Q252,25,"QUEENS SCHOOL OF INQUIRY, THE",1396,58,22.0,33.6,587,24.6,46.7,18.1,17.0,24.2,40.2,2.7,7.6,7.0,40.7245,-73.8094
25Q263,25,FLUSHING INTERNATIONAL HIGH SCHOOL,1049,45,30.6,46.7,422,19.2,57.3,1.7,1.2,32.7,64.5,88.6,8.3,7.4,40.7604,-73.8184
25Q281,25,EASTsWEST SCHOOL OF INTERNATIONAL STUDIES,1271,59,20.9,32.0,616,28.9,54.1,3.4,14.8,17.9,62.7,13.6,6.6,6.7,40.7493,-73.8218
25Q285,25,WORLD JOURNALISM PREPARATORY: A COLLEGE BOARD SCHOOL,1441,63,10.9,14.6,595,25.0,42.2,51.6,8.4,20.3,19.3,0.8,8.6,6.9,40.7651,-73.7901
25Q425,25,JOHN BOWNE HIGH SCHOOL,1243,558,4.8,6.3,3660,29.4,49.2,5.2,19.2,40.7,34.3,24.7,6.3,6.8,40.7387,-73.8248
25Q460,25,FLUSHING HIGH SCHOOL,1216,347,10.4,13.6,3113,30.0,55.8,3.2,26.5,49.8,19.9,20.0,6.7,5.6,40.7652,-73.8279
25Q525,25,TOWNSEND HARRIS HIGH SCHOOL,1910,278,53.8,69.8,1140,29.4,28.9,24.6,5.9,12.9,55.5,0.0,7.8,7.8,40.7344,-73.8214
25Q670,25,ROBERT F. KENNEDY COMMUNITY HIGH SCHOOL,1330,99,10.7,15.5,721,30.3,53.8,24.5,11.5,35.4,28.4,7.5,8.0,7.1,40.7256,-73.8107
26Q415,26,BENJAMIN N. CARDOZO HIGH SCHOOL,1514,888,17.3,29.3,3912,31.1,47.4,16.8,18.4,18.6,45.7,6.1,7.2,6.5,40.7524,-73.7561
26Q430,26,FRANCIS LEWIS HIGH SCHOOL,1474,934,16.8,24.9,4152,30.2,49.2,15.5,8.3,24.1,51.9,13.2,8.3,8.8,40.7406,-73.7928
26Q435,26,MARTIN VAN BUREN HIGH SCHOOL,1172,334,3.0,4.2,2390,27.1,54.3,2.9,56.4,15.1,24.1,9.9,5.5,5.0,40.7328,-73.7397
26Q495,26,BAYSIDE HIGH SCHOOL,1449,708,14.5,20.7,3308,32.4,49.4,19.6,12.7,22.3,45.2,5.7,7.9,7.1,40.7719,-73.7804
26Q566,26,"QUEENS HIGH SCHOOL OF TEACHING, LIBERAL ARTS AND THE SCIENCES",1279,175,10.8,16.5,1196,29.0,45.8,12.3,46.3,16.8,23.8,2.5,6.1,6.4,40.7449,-73.7269
27Q260,27,FREDERICK DOUGLASS ACADEMY VI HIGH SCHOOL,1145,87,29.0,44.3,445,24.6,52.6,1.3,67.0,27.0,3.8,4.0,5.5,6.0,40.602,-73.7628
27Q262,27,CHANNEL VIEW SCHOOL FOR RESEARCH,1252,74,6.8,10.8,636,26.4,51.1,11.2,55.2,27.5,5.7,1.3,7.6,7.1,40.586,-73.8231
27Q302,27,"QUEENS HIGH SCHOOL FOR INFORMATION, RESEARCH, AND TECHNOLOGY",1156,44,41.6,63.5,310,23.3,54.5,4.5,60.3,30.0,4.2,10.6,6.5,6.3,40.602,-73.7628
27Q308,27,ROBERT H. GODDARD HIGH SCHOOL OF COMMUNICATION ARTS AND TECHNOLOGY,1265,93,22.3,34.1,578,30.1,48.1,21.8,7.6,42.6,26.8,3.6,7.2,6.6,40.6718,-73.845
27Q309,27,ACADEMY OF MEDICAL TECHNOLOGY: A COLLEGE BOARD SCHOOL,1094,36,24.5,37.4,527,23.3,43.8,3.2,52.6,34.2,9.1,10.6,7.9,6.2,40.602,-73.7628
27Q323,27,SCHOLARS' ACADEMY,1532,89,5.2,11.4,1062,25.9,43.9,41.6,19.2,15.9,22.0,0.0,8.2,7.9,40.5841,-73.8257
27Q400,27,AUGUST MARTIN HIGH SCHOOL,1108,101,1.8,2.7,1029,28.8,55.2,1.7,79.9,11.5,6.2,4.3,5.4,5.0,40.6755,-73.7834
27Q475,27,RICHMOND HILL HIGH SCHOOL,1154,404,5.5,6.6,2585,29.9,53.0,3.2,16.8,46.4,32.9,17.4,6.6,6.0,40.6956,-73.8336
27Q480,27,JOHN ADAMS HIGH SCHOOL,1192,403,4.1,5.0,3386,27.3,54.5,3.6,27.7,37.1,27.5,16.0,7.3,6.2,40.6798,-73.8383
27Q650,27,"HIGH SCHOOL FOR CONSTRUCTION TRADES, ENGINEERING AND ARCHITECTURE",1345,194,9.8,11.8,924,26.8,67.3,15.4,11.3,41.6,30.7,0.4,7.1,6.6,40.6894,-73.8406
28Q284,28,YORK EARLY COLLEGE ACADEMY,1223,s,26.4,40.3,489,25.1,51.1,0.6,64.2,10.2,23.5,0.0,7.3,6.6,40.6969,-73.78699999999999
28Q310,28,QUEENS COLLEGIATE: A COLLEGE BOARD SCHOOL,1265,68,24.4,37.2,529,22.5,49.9,3.0,49.0,18.5,27.0,8.1,7.5,6.9,40.7136,-73.7965
28Q325,28,HILLSIDE ARTS & LETTERS ACADEMY,1223,s,64.5,98.5,200,22.8,47.0,6.5,39.0,21.0,28.0,12.5,8.0,6.4,40.7136,-73.7965
28Q440,28,FOREST HILLS HIGH SCHOOL,1407,762,19.1,29.1,3834,31.2,48.1,33.7,9.0,30.2,26.5,8.9,8.1,6.7,40.7294,-73.8456
28Q505,28,HILLCREST HIGH SCHOOL,1194,462,7.8,11.7,3103,28.9,46.1,2.9,36.6,22.8,36.5,15.0,8.4,7.0,40.7088,-73.8021
28Q620,28,THOMAS A. EDISON CAREER AND TECHNICAL EDUCATION HIGH SCHOOL,1372,422,8.1,10.8,2252,29.6,65.1,3.2,23.7,21.1,50.9,1.4,7.7,6.7,40.7159,-73.7988
28Q680,28,QUEENS GATEWAY TO HEALTH SCIENCES SECONDARY SCHOOL,1538,99,11.4,17.4,783,27.6,38.1,2.7,44.8,15.7,36.5,0.1,8.0,6.9,40.7188,-73.8065
28Q686,28,QUEENS METROPOLITAN HIGH SCHOOL,1223,s,19.5,29.7,663,29.6,49.6,40.4,4.8,38.6,12.1,3.6,6.4,6.2,40.7104,-73.8506
28Q687,28,QUEENS HIGH SCHOOL FOR THE SCIENCES AT YORK COLLEGE,1868,121,51.4,80.9,418,26.0,56.5,6.7,10.5,7.9,74.4,0.2,7.4,7.2,40.701,-73.7982
28Q690,28,HIGH SCHOOL FOR LAW ENFORCEMENT AND PUBLIC SAFETY,1196,74,3.5,3.5,536,29.3,53.0,1.3,73.7,15.1,8.4,2.1,7.6,6.1,40.6862,-73.7841
28Q896,28,"YOUNG WOMEN'S LEADERSHIP SCHOOL, QUEENS",1316,68,1.2,1.2,510,21.9,0.0,2.4,57.3,18.4,21.0,2.7,7.2,6.2,40.7082,-73.8041
29Q248,29,QUEENS PREPARATORY ACADEMY,1099,52,3.4,3.4,441,25.7,56.0,0.9,84.4,8.2,5.2,4.5,5.7,6.1,40.6682,-73.7568
29Q259,29,PATHWAYS COLLEGE PREPARATORY SCHOOL: A COLLEGE BOARD SCHOOL,1173,46,5.2,12.8,555,25.8,53.3,0.7,94.2,2.9,2.2,2.3,6.0,5.3,40.7064,-73.7535
29Q265,29,EXCELSIOR PREPARATORY HIGH SCHOOL,1202,49,29.1,44.5,443,25.3,56.9,0.5,82.8,9.7,4.3,2.3,7.4,5.7,40.6682,-73.7568
29Q272,29,GEORGE WASHINGTON CARVER HIGH SCHOOL FOR THE SCIENCES,1287,59,3.0,4.4,474,28.3,47.3,1.3,73.8,14.1,9.3,1.7,7.2,5.9,40.6682,-73.7568
29Q283,29,PREPARATORY ACADEMY FOR WRITERS: A COLLEGE BOARD SCHOOL,1100,43,8.5,9.1,473,23.8,43.1,0.8,84.1,10.4,3.4,1.9,7.9,7.0,40.6682,-73.7568
29Q326,29,CAMBRIA HEIGHTS ACADEMY,1223,s,87.8,134.0,147,22.3,55.1,2.0,87.1,7.5,3.4,2.0,8.6,7.1,40.7118,-73.7712
29Q492,29,"MATHEMATICS, SCIENCE RESEARCH AND TECHNOLOGY MAGNET HIGH SCHOOL",1220,78,5.3,7.5,412,23.5,60.4,0.7,79.6,11.9,6.8,5.1,6.2,6.0,40.6955,-73.7349
29Q498,29,HUMANITIES & ARTS MAGNET HIGH SCHOOL,1151,62,26.8,41.0,481,28.2,42.8,1.5,85.9,8.5,4.0,3.5,7.4,5.5,40.6955,-73.7349
30Q286,30,"YOUNG WOMEN'S LEADERSHIP SCHOOL, ASTORIA",1223,s,26.1,39.8,495,21.6,0.0,16.2,4.2,40.4,39.2,5.5,7.5,8.1,40.7713,-73.9246
30Q301,30,ACADEMY FOR CAREERS IN TELEVISION AND FILM,1255,98,30.8,47.0,419,22.4,53.2,18.9,20.5,53.5,6.0,2.9,8.1,7.3,40.7411,-73.9497
30Q445,30,WILLIAM CULLEN BRYANT HIGH SCHOOL,1275,395,8.3,11.2,2945,29.3,53.7,14.5,7.3,48.8,28.9,17.9,7.5,6.6,40.7581,-73.9103
30Q450,30,LONG ISLAND CITY HIGH SCHOOL,1218,392,12.0,23.8,3386,25.0,51.3,12.5,11.4,62.7,13.2,13.2,6.6,5.6,40.7658,-73.9327
30Q501,30,FRANK SINATRA SCHOOL OF THE ARTS HIGH SCHOOL,1494,174,14.3,18.0,756,27.9,30.0,46.3,16.9,27.2,8.7,0.1,7.3,7.0,40.7565,-73.9251
30Q502,30,INFORMATION TECHNOLOGY HIGH SCHOOL,1239,148,5.6,8.1,917,26.8,71.8,9.4,18.1,56.6,15.6,9.6,7.0,6.5,40.7479,-73.9466
30Q555,30,NEWCOMERS HIGH SCHOOL,1127,143,12.8,17.5,932,27.0,53.2,2.6,5.6,43.5,48.3,90.3,8.1,7.4,40.7514,-73.9374
30Q575,30,ACADEMY OF AMERICAN STUDIES,1470,135,14.3,24.1,704,31.1,45.0,29.4,6.8,34.7,29.1,5.7,7.2,6.8,40.7513,-73.9374
30Q580,30,BACCALAUREATE SCHOOL FOR GLOBAL EDUCATION,1636,61,29.3,44.8,440,20.5,44.8,37.3,3.2,24.3,34.8,0.0,8.2,8.0,40.7552,-73.9268
31R047,31,CSI HIGH SCHOOL FOR INTERNATIONAL STUDIES,1353,137,24.2,37.0,532,25.7,41.5,58.5,12.0,17.9,11.5,0.2,7.2,6.9,40.582,-74.1578
31R064,31,GAYNOR MCCOWN EXPEDITIONARY LEARNING SCHOOL,1195,61,31.6,48.3,408,24.3,52.0,60.0,15.7,17.6,5.9,1.0,6.1,6.4,40.582,-74.1578
31R080,31,THE MICHAEL J. PETRIDES SCHOOL,1426,107,12.4,18.6,1308,30.3,49.2,55.9,18.8,16.9,8.1,1.6,7.0,6.7,40.6075,-74.1015
31R440,31,NEW DORP HIGH SCHOOL,1277,391,3.6,4.4,2658,28.2,52.5,53.3,12.1,27.3,7.0,5.9,7.6,6.1,40.5692,-74.1073
31R445,31,PORT RICHMOND HIGH SCHOOL,1279,271,9.0,14.1,2151,28.1,54.8,24.2,30.9,37.6,6.8,5.3,6.7,5.2,40.6338,-74.1421
31R450,31,CURTIS HIGH SCHOOL,1301,375,9.7,11.6,2552,27.3,46.4,21.8,38.4,31.9,7.3,6.1,7.0,6.0,40.6447,-74.0813
31R455,31,TOTTENVILLE HIGH SCHOOL,1418,807,10.2,17.7,3875,30.2,49.6,82.1,2.1,9.9,5.4,1.4,7.7,7.1,40.5282,-74.1922
31R460,31,SUSAN E. WAGNER HIGH SCHOOL,1388,535,8.6,12.6,3243,29.2,50.8,49.4,11.3,24.1,14.6,3.4,7.5,6.7,40.5987,-74.1231
31R600,31,RALPH R. MCKEE CAREER AND TECHNICAL EDUCATION HIGH SCHOOL,1235,94,19.1,29.2,675,28.3,67.1,21.6,40.3,33.2,4.6,3.6,6.4,6.0,40.6427,-74.0787
31R605,31,STATEN ISLAND TECHNICAL HIGH SCHOOL,1953,227,47.8,82.0,1104,29.6,57.0,61.3,1.1,5.3,31.8,0.1,8.9,8.2,40.5679,-74.1154
32K403,32,ACADEMY FOR ENVIRONMENTAL LEADERSHIP,1098,50,35.6,54.4,362,22.4,50.0,0.8,21.0,77.1,0.6,32.9,6.1,5.8,40.696999999999996,-73.9108
32K545,32,EBC HIGH SCHOOL FOR PUBLIC SERVICEâ€“BUSHWICK,1154,88,7.8,10.6,606,23.0,52.1,0.7,9.2,88.1,1.7,15.3,5.8,6.4,40.6945,-73.9292
32K549,32,BUSHWICK SCHOOL FOR SOCIAL JUSTICE,1035,75,29.7,45.4,434,22.8,48.4,1.8,28.3,68.7,0.5,18.2,7.3,6.5,40.696999999999996,-73.9108
32K552,32,ACADEMY OF URBAN PLANNING,1060,67,19.1,25.1,398,23.9,54.5,1.0,26.4,70.4,1.5,23.9,6.4,6.4,40.696999999999996,-73.9108
32K554,32,ALL CITY LEADERSHIP SECONDARY SCHOOL,1315,39,2.7,3.0,263,17.8,52.1,1.5,12.9,79.5,5.3,2.7,9.6,8.9,40.6974,-73.9132
32K556,32,BUSHWICK LEADERS HIGH SCHOOL FOR ACADEMIC EXCELLENCE,1055,23,7.4,7.6,462,25.1,53.2,0.0,21.2,77.3,0.9,18.2,7.1,6.6,40.695,-73.928
